/courses/0869-現代の量子論-2022/,381
/courses/0863-物理学基礎II-2022/,306
/courses/0441-アカデミック日本語５（漢字２２００）-2018/,171
/courses/0799-最適設計特論１＆２-2021/,128
/courses/0973-考古学講義i-2024/,82
/courses/0926-物理学基礎I-2023/,53
/courses/0864-物理学基礎i-2022/,46
/courses/0422-パワーエレクトロニクス-2013/,45
/courses/0746-解析力学Ⅰ-2019/,44
/courses/0804-金融特論-2021/,40
/courses/0968-健康・スポーツ科学-講義-2024/,37
/courses/0875-岩石学-2022/,35
/courses/0971-細胞学ia-2024/,35
/courses/0972-留学生対象-日本語総合演習2-2024/,35
/courses/0833-線形代数学i-2021/,34
/courses/0877-機械・航空宇宙工学序論」-2022/,34
/courses/0929-日本語文章表現法-2023/,34
/courses/0041-経済理論-I-2004/,31
/courses/0047-情報通信工学第2-2011/,31
/courses/0487-量子力学I-2017/,31
/courses/0127-環境行動論-2008/,30
/courses/0882-医療臨床心理学講義ⅰ（健康・医療心理学）-2022/,28
/courses/0045-科学・技術の哲学-2006/,26
/courses/0914-情報セキュリティとリテラシー１-2023/,26
/courses/0931-英語（コミュニケーション）-2023/,26
/courses/0911-学問の面白さを知る-2023/,25
/courses/0965-中国語基礎1-2024/,24
/courses/0042-地理学-2011/,23
/courses/0970-国際法各論ⅰ-2024/,23
/courses/0884-美術史講義ⅶｂ-2022/,22
/courses/0936-空間計画論-2024/,22
/courses/0784-代数学ⅰ-／代数学概論v-2021/,21
/courses/0839-量子化学i-2022/,21
/courses/0579-素粒子論と現代数学-2015/,20
/courses/0743-物理学基礎Ⅰ-2019/,20
/courses/0123-情報デバイス工学特論-2011/,19
/courses/0149-現代数学への流れ-2008/,19
/courses/0248-人体器官の構造（発生学）-2014/,19
/courses/0261-電磁気学-I-2010/,19
/courses/0651-微分積分学Ⅰ-2015/,19
/courses/0842-微生物の科学-2022/,19
/courses/0967-ビジネス日本語Ⅳ-2024/,19
/courses/0122-フィンランド語文法-2008/,18
/courses/0792-複素関数論-2021/,18
/courses/0975-地球科学基礎ｉ-2025/,18
/courses/0561-生物情報工学-2015/,17
/courses/0805-フランス文化学講義iia-2021/,17
/courses/0890-民事訴訟法ⅰ-2023/,17
/courses/0405-幾何学要論I-曲線と曲面の幾何-2012/,16
/courses/0517-経営組織-2015/,16
/courses/0834-日本近現代文学史概説-2021/,16
/courses/0928-地球科学実験-2023/,16
/courses/0933-経済学-2023/,16
/courses/0966-ビジネス日本語Ⅲ-2024/,16
/courses/0015-中国西南の民族と歴史-2014/,15
/courses/0043-法学-2011/,15
/courses/0195-世界の中の日本語-2009/,15
/courses/0444-物性物理学V／物性物理特論3-2014/,15
/courses/0531-ギリシア神話学-2015/,15
/courses/0876-社会学概論（政策社会学史）-2022/,15
/courses/0889-健康・スポーツ科学講義-2022/,14
/courses/0039-解析力学及び演習-2003/,13
/courses/0068-電磁気学-I-2011/,13
/courses/0109-固体電子工学-2011/,13
/courses/0295-統計物理学III-2011/,13
/courses/0887-現代数学への流れ-2022/,13
/courses/0888-生産管理-2022/,13
/courses/0934-ロシア語基礎２-2024/,13
/courses/0396-細胞の構造生物学-2013/,12
/courses/0494-微分積分学I-2015/,12
/courses/0611-線形代数-Ⅰ-2016/,12
/courses/0644-比較文化論-2016/,12
/courses/0680-インフォマティクス１-2018/,12
/courses/0912-インフォマティックス4-2023/,12
/courses/0916-名古屋大学の歴史-2023/,12
/courses/0918-西洋政治史-2023/,12
/courses/0959-基礎セミナー：サービスラーニング入門（海外から来日される方にふさわしいサービスとは？）-2024/,12
/courses/0005-数理解析・計算機数学-I-2011/,11
/courses/0070-数学展望-II-2006/,11
/courses/0403-複雑系プログラミング特論-2013/,11
/courses/0641-物理学実験-2017/,11
/courses/0686-朝鮮・韓国語３-2018/,11
/courses/0781-いろいろな最適化-2021/,11
/courses/0831-固体電子工学及び演習-2021/,11
/courses/0832-インフォマティクス3-2022/,11
/courses/0055-数学展望-I-2006/,10
/courses/0459-病理学総論・各論-(病因と病態学)-2015/,10
/courses/0577-統計解析特論-2016/,10
/courses/0652-微分積分学II-2015/,10
/courses/0785-ファイナンス特論／ファイナンスa-2021/,10
/courses/0793-「システム工学入門」-2021/,10
/courses/0797-生物学実験-2021/,10
/courses/0885-フランス語基礎２-2022/,10
/courses/0921-アカデミック日本語１B-2023/,10
/courses/0008-力学-I-2003/,9
/courses/0016-離散数学及び演習-2013/,9
/courses/0135-社会システム情報学特論-2011/,9
/courses/0253-パターン認識及び演習-2011/,9
/courses/0256-解析力学-II-2011/,9
/courses/0633-数理情報学演習-2017/,9
/courses/0636-量子情報特論1-2018/,9
/courses/0741-象徴天皇制の形成と展開-2018/,9
/courses/0892-日本語口頭表現法-2023/,9
/courses/0927-社会学演習-2023/,9
/courses/0002-民法-II-2005/,8
/courses/0021-宇宙物理学γ-(宇宙論)-2006/,8
/courses/0075-メディアディスコース分析論-2009/,8
/courses/0129-有機化学-II-2011/,8
/courses/0132-トポロジー特論-I-2008/,8
/courses/0187-家族看護学-2009/,8
/courses/0282-英語（コミュニケーション）-2010/,8
/courses/0349-基礎セミナージェンダーを学ぶ-2012/,8
/courses/0423-物理工学序論-2014/,8
/courses/0476-離散数学及び演習-2014/,8
/courses/0587-線形代数学Ⅰ-2016/,8
/courses/0783-ファイナンス-2021/,8
/courses/0791-健康・スポーツ科学講義-2021/,8
/courses/0919-教育開発計画・評価論-2023/,8
/courses/976-英語（コミュニケーション）-2025/,8
/courses/0006-情報と法-2005/,7
/courses/0032-物質情報学2-2010/,7
/courses/0052-ロシア語2-2011/,7
/courses/0117-正多面体と群-2008/,7
/courses/0119-図形をドミノで敷き詰める-2008/,7
/courses/0252-現代日本の政治と行政-2011/,7
/courses/0258-日本語教育学原論ab-2011/,7
/courses/0306-量子化学II-2011/,7
/courses/0360-ベトナム語入門Ia、Ib-2012/,7
/courses/0510-電気・電子・情報工学序論-2015/,7
/courses/0740-インフォマティクス２-2021/,7
/courses/0780-ここまで来た！人工知能との会話-2021/,7
/courses/0866-日本語（口語表現）-2022/,7
/courses/0871-名古屋大学の歴史-2022/,7
/courses/0958-フィールドワーク入門-2024/,7
/courses/0001-生命農学基礎講義-2005/,6
/courses/0061-固体力学-2014/,6
/courses/0120-遺伝と遺伝子-2011/,6
/courses/0138-中級フランス語2-2008/,6
/courses/0152-数理科学展望-I-2009/,6
/courses/0181-これも数学！？結び目理論-2008/,6
/courses/0193-心理・教育の統計学-2014/,6
/courses/0233-統計解析-2011/,6
/courses/0259-アルゴリズム-2016/,6
/courses/0443-国際私法-2013/,6
/courses/0570-数理科学展望Ⅲ-2016/,6
/courses/0584-古代懐疑主義-2016/,6
/courses/0681-法哲学-2018/,6
/courses/0687-数理科学展望III-2015/,6
/courses/0835-開発金融論-2021/,6
/courses/0022-留学生と日本〜異文化を通しての日本理解〜-2014/,5
/courses/0133-ミクロ経済学-II-2011/,5
/courses/0134-中級中国語2-2015/,5
/courses/0143-物理学実験-2010/,5
/courses/0144-日本語文法論b-2011/,5
/courses/0186-基礎セミナーオペラの魔力とはなにか-2010/,5
/courses/0192-発達障害治療学及び実習-2009/,5
/courses/0291-医師は診察中に何をしているのか？「医師アタマをのぞいてみる」-2010/,5
/courses/0303-多元比較表象論ab-2011/,5
/courses/0399-構造解析学-2013/,5
"/courses/0400-対照表現論II-a,b-2013/",5
"/courses/0406-ジェンダーと経済a,b-2013/",5
/courses/0421-生物化学2-2013/,5
/courses/0457-都市持続発展学セミナーE-2014/,5
/courses/0504-数学展望-I-2015/,5
/courses/0583-学校臨床心理学講義-2016/,5
/courses/0625-情報数理基礎特論-2016/,5
/courses/0637-情報の挑戦者・開拓者たち-2017/,5
/courses/0867-英語（上級）-2022/,5
/courses/0930-プラズマ理工学-2023/,5
/courses/0023-基礎セミナー民法の世界で遊ぶ-2003/,4
/courses/0044-教育方法学講義-II-授業分析と教育の科学化-2010/,4
/courses/0058-計算情報学-I-2011/,4
/courses/0151-メディアアート論-2014/,4
/courses/0156-教育方法学講義-I-教育方法概論-2010/,4
/courses/0207-信号伝送検出理論特論-2012/,4
/courses/0247-数理情報学9-2011/,4
/courses/0250-心理行動科学実験演習3（検査・測定法）-2011/,4
/courses/0254-計量経済-I-2010/,4
/courses/0284-鉱物をみて地球を考える-2010/,4
/courses/0287-核医学診断技術学-I-2011/,4
/courses/0305-並行分散計算特論-2011/,4
/courses/0351-ドラマ研究概論b／国際多元文化演習b-2012/,4
/courses/0358-比較文化論-2014/,4
/courses/0408-岩石学実験-2013/,4
/courses/0469-フィールドセミナーI-2014/,4
/courses/0532-社会的行為と言語I-2015/,4
/courses/0597-社会的相互行為と言語-2016/,4
/courses/0622-東洋政治思想史-2016/,4
/courses/0645-ミクロ経済学Ⅰ-2017/,4
/courses/0690-生物学基礎Ⅰ-2018/,4
/courses/0744-基礎セミナーA-2019/,4
/courses/0802-基礎セミナーa-2021/,4
/courses/0844-スペイン語4-2022/,4
/courses/0846-日本語教育実践入門-2022/,4
/courses/0922-海外言語文化演習（フランス）１-2023/,4
/courses/0976-英語（コミュニケーション）-2025/,4
/courses/0019-英語（リーディング）4-2005/,3
/courses/0033-資源植物環境学-2005/,3
/courses/0054-人間発達科学-I-2006/,3
/courses/0057-全学教養科目-名大の歴史をたどる-2006/,3
/courses/0060-非線形制御特論-2011/,3
/courses/0067-経営学-2007/,3
/courses/0077-社会行動学講義-2007/,3
/courses/0121-A.-電子ブロックで体験する物理と研究最前線-2008/,3
/courses/0150-生物圏環境学1-2011/,3
/courses/0153-空間エネルギー制御論-2011/,3
/courses/0157-テクスト布置解釈学原論-2008/,3
/courses/0174-移動現象論-1996/,3
/courses/0255-森林環境人間学-2011/,3
/courses/0263-光・放射線化学-2011/,3
/courses/0274-物理学基礎-I-2011/,3
/courses/0283-Gaussの和を計算してみよう-2010/,3
/courses/0294-心理行動科学実験演習9（観察法）-2011/,3
/courses/0300-オートマトン・形式言語特論-2014/,3
/courses/0302-先端分野総合研究(外国人と法)-2011/,3
/courses/0353-計量経済II-2012/,3
/courses/0357-Development-Sociology-開発社会学-2015/,3
/courses/0359-刑事訴訟法-2012/,3
/courses/0372-映像研究の方法I-2012/,3
"/courses/0402-スペイン語-1,2-2013/",3
/courses/0410-水の環境学-2013/,3
/courses/0506-基礎細胞学3-2015/,3
/courses/0518-健康・スポーツ科学講義-2015/,3
/courses/0523-英語(上級)-2015/,3
/courses/0559-メディア基礎論-A類-2015/,3
/courses/0569-精神医学-2016/,3
/courses/0576-第二言語習得研究概論a-2016/,3
/courses/0585-比較国際教育学-2016/,3
/courses/0588-複雑系科学実験Ⅱ-2016/,3
/courses/0626-構造物と技術の発展-2017/,3
/courses/0643-ドイツ語2-2017/,3
/courses/0703-多分野融合実践演習・実習-2018-2020/,3
/courses/0787-カロキアム（ヤングリーダーズプログラム）-2021/,3
/courses/0788-基礎セミナー：英語で学ぶアジアの医療サービス-2021/,3
/courses/0865-生物学実験-2022/,3
/courses/0920-法と開発-2023/,3
/courses/441-アカデミック日本語（読解・文章表現）５／漢字２２００-2018/,3
/courses/0007-基礎セミナー図書館情報リテラシー：図書館と情報を使いこなす-2005/,2
/courses/0020-管理会計-2005/,2
/courses/0050-現代日本語コース中級-聴解-2006/,2
/courses/0062-機械創造設計製作-2007/,2
/courses/0069-消化器-2011/,2
/courses/0073-ドイツ語4-2007/,2
/courses/0106-英語（コミュニケーション）-2018/,2
/courses/0110-日本語教育方法論概説a-2011/,2
/courses/0115-E.-ライントレースカーを作る-2008/,2
/courses/0118-連分数の不思議な世界-2008/,2
/courses/0136-古代国家と手工業-2011/,2
/courses/0139-比較文学論a-2011/,2
/courses/0173-人間発達の心理学（発達教育臨床基礎論）-2011/,2
/courses/0198-情報セキュリティの現状と対策-2009/,2
/courses/0208-生物学入門-2010/,2
/courses/0209-地球環境学2-2011/,2
/courses/0221-人間形成学講義-III-2011/,2
/courses/0246-人間発達科学-I-2008/,2
/courses/0249-ジェンダーと文学b−日中のフェミニズム＼ジェンダー文学批評の流れ-2011/,2
/courses/0268-ロマン主義文学の諸相-2011/,2
/courses/0278-放射線計測学-2010/,2
/courses/0285-憲法-II（人権・憲法訴訟）-2015/,2
/courses/0288-国際開発学-2011/,2
/courses/0289-映画を読んでみよう-2010/,2
/courses/0290-書く、のはいいが、イッタイ何のため？—サバイバルのための文章教室-2010/,2
/courses/0297-現代中国語表現論ab-2011/,2
/courses/0304-第二言語習得研究概論a：第二言語習得研究の理解-2011/,2
/courses/0367-創薬探索科学-2013/,2
/courses/0370-フランス語1-2013/,2
/courses/0397-無機化学IV-2013/,2
/courses/0407-細胞学II-2013/,2
/courses/0411-医工連携セミナー-2013/,2
/courses/0442-Introductory-Accounting-I-2014/,2
/courses/0491-Multi-Ethnic-Society-多民族社会論-2014/,2
/courses/0492-中国語1-2015/,2
/courses/0505-応用言語学方法論b-2015/,2
/courses/0511-前衛芸術概論-2015/,2
/courses/0517-,2
/courses/0591-西洋法制史-2016/,2
/courses/0596-中上級(SJ300)語彙会話-2016/,2
/courses/0639-生体の機能II-2017/,2
/courses/0650-健康・スポーツ科学講義-2017/,2
/courses/0677-化学生命工学序論-2018/,2
/courses/0682-基礎セミナーa-2017-2020/,2
/courses/0684-数理科学展望I-2010/,2
/courses/0693-英語（コミュニケーション）-2018-2020/,2
/courses/0735-学問の面白さを知る-2019/,2
/courses/0786-国際経済法-2021/,2
/courses/0931-英語（コミュニケーション）-2022,2
/courses/0973-,2
/courses/0973-è€ƒå ¤å­¦è¬›ç¾©i-2024/,2
/courses/0003-ジェンダーとセクシュアリティ-2011/,1
/courses/0025-基礎セミナーボードゲームを究める-2015/,1
/courses/0040-英語（リーディング）2-2005/,1
/courses/0051-ドイツ語1-2006/,1
/courses/0064-応用行動学講義-II-産業・組織の心理学-2010/,1
/courses/0071-図情報とコンピュータ-2014/,1
/courses/0114-D.-ロボットのしくみを理解する-2008/,1
/courses/0116-F.-携帯で動くアプリ開発-2008/,1
/courses/0124-微生物学3-2011/,1
/courses/0125-生物学各論-2011/,1
/courses/0128-情報リテラシー-2008/,1
/courses/0148-国内実地研修-2011/,1
/courses/0154-海外実地研修-2011/,1
/courses/0178-腫瘍学概論-2009/,1
/courses/0213-地球環境学-2011/,1
/courses/0279-「モデル小説」から見るプライヴァシーの近代-2009/,1
/courses/0286-金融特論-2011/,1
/courses/0296-動物生理学2-2011/,1
/courses/0298-反応プロセス工学特論-2011/,1
/courses/0307-実験音声学基礎-2011/,1
/courses/0348-あたらしい学校建築—名大建築３年生が考える附属学校の校舎-2011/,1
/courses/0350-「よむ」って何？-2011/,1
/courses/0362-Clinician-at-the-crossroads-2011/,1
/courses/0365-教育社会学講義II-2012/,1
/courses/0366-「みる」「ときはなつ」—中津川市加子母地区のムラづくりを体験-2011/,1
/courses/0414-低炭素都市学／Low-Carbon-City-Studies-(English-Lecture)-2013/,1
/courses/0426-情報リテラシー（文系）-2014/,1
/courses/0431-英語(アカデミック・ライティング)-II-2013/,1
/courses/0439-応用言語学特殊研究a-2014/,1
/courses/0462-情報リテラシー(理系)-2014/,1
/courses/0493-カリキュラム学講義Ⅱ／計画講義Ⅱ―現代の学力とカリキュラム-2015/,1
/courses/0500-科学・技術の哲学-2015/,1
/courses/0509-基礎セミナー「法」と紛争解決―民事事件を通じて考える-2015/,1
/courses/0517-経営組織－2015,1
/courses/0520-基礎セミナー韓流ドラマから「パッチギ」まで−日韓関係を考える-2015/,1
/courses/0521-温暖化概論-2015/,1
/courses/0527-環境と法-2015/,1
/courses/0578-韓国・朝鮮語表現論演習b-日本語と韓国・朝鮮語の分節音の音声学・音韻論-2016/,1
/courses/0683-英語（セミナー）-2018/,1
/courses/0689-Biochemistry-I-2018/,1
/courses/0733-名大の歴史をたどる-2018/,1
/courses/0734-名大の歴史をたどる-2019/,1
/courses/0739-fundamentals-of-earth-science-i-2020/,1
/courses/0779-名大の歴史をたどる-2020/,1
/courses/0790-special-lecture-and-seminar-contemporary-intellectual-property-law-2021/,1
/courses/0803-英語（セミナー）-2021/,1
/courses/0931-英語（コミュニケーション）-2021,1
/courses/0966-ビジネス日本語III-202,1
/courses/0966-ビジネス日本語III-2024,1